<?xml version="1.0" encoding="UTF-8"?>  
<beans xmlns="http://www.springframework.org/schema/beans"  
    xmlns:xsi="http://www.w3.org/2001/XMLSchema-instance" xmlns:p="http://www.springframework.org/schema/p"  
    xmlns:util="http://www.springframework.org/schema/util" xmlns:context="http://www.springframework.org/schema/context"  
    xmlns:aop="http://www.springframework.org/schema/aop" xmlns:tx="http://www.springframework.org/schema/tx"  
    xsi:schemaLocation="http://www.springframework.org/schema/beans  
        http://www.springframework.org/schema/beans/spring-beans.xsd  
        http://www.springframework.org/schema/util   
        http://www.springframework.org/schema/util/spring-util.xsd  
        http://www.springframework.org/schema/context  
        http://www.springframework.org/schema/context/spring-context.xsd  
        http://www.springframework.org/schema/aop   
        http://www.springframework.org/schema/aop/spring-aop.xsd  
        http://www.springframework.org/schema/tx  
        http://www.springframework.org/schema/tx/spring-tx.xsd">  
  
    <!-- 加载db.properties文件中的内容，db.properties文件中key命名要有一定的特殊规则 -->  
    <context:property-placeholder location="classpath:config/db.properties" />  
    <!-- 配置数据源 ，dbcp -->  
  
    <!-- 数据源 -->  
    <bean id="dataSource" class="org.apache.commons.dbcp2.BasicDataSource">  
        <property name="driverClassName" value="${jdbc.driverClassName}"/>  
        <property name="url" value="${jdbc.url}"/>  
        <property name="username" value="${jdbc.username}"/>  
        <property name="password" value="${jdbc.password}"/>  
        <property name="initialSize" value="${jdbc.initialSize}"></property>  
    
       
    </bean>  
          
    <!-- sqlSessionFactory -->  
    <bean id="sqlSessionFactory" class="org.mybatis.spring.SqlSessionFactoryBean">  
        <!-- 数据库连接池 -->  
        <property name="dataSource" ref="dataSource" />  
        <!-- 加载mybatis的全局配置文件 -->  
              <property name="configLocation" value="classpath:mybatis/sqlMapConfig.xml" />  
                <property name="mapperLocations" value="classpath:mapper/*.xml"></property>    <!-- 这里另外配置mapper.xml路径 -->  
       </bean>  
    <!-- mapper扫描器 -->  
    <bean class="org.mybatis.spring.mapper.MapperScannerConfigurer">  
        <!-- 扫描包路径，如果需要扫描多个包，中间使用半角逗号隔开 -->  
        <property name="basePackage" value="com.dly.app.dao"></property>  
        <property name="sqlSessionFactoryBeanName" value="sqlSessionFactory" />  
    </bean>  
     <!-- JDBC事务管理器 -->
    <bean id="transactionManager" 
    class="org.springframework.jdbc.datasource.DataSourceTransactionManager"
         p:dataSource-ref="dataSource"/>
         
         
    
    <!-- 启用支持annotation注解方式事务管理 -->
    <tx:annotation-driven transaction-manager="transactionManager"/>
</beans>  