﻿<?xml version="1.0" encoding="UTF-8"?>  
<beans xmlns="http://www.springframework.org/schema/beans"  
    xmlns:xsi="http://www.w3.org/2001/XMLSchema-instance" xmlns:p="http://www.springframework.org/schema/p"  
    xmlns:util="http://www.springframework.org/schema/util" xmlns:context="http://www.springframework.org/schema/context"  
    xmlns:aop="http://www.springframework.org/schema/aop" xmlns:tx="http://www.springframework.org/schema/tx"  
    xsi:schemaLocation="http://www.springframework.org/schema/beans  
        http://www.springframework.org/schema/beans/spring-beans.xsd  
        http://www.springframework.org/schema/util   
        http://www.springframework.org/schema/util/spring-util.xsd  
        http://www.springframework.org/schema/context  
        http://www.springframework.org/schema/context/spring-context.xsd  
        http://www.springframework.org/schema/aop   
        http://www.springframework.org/schema/aop/spring-aop.xsd  
        http://www.springframework.org/schema/tx  
        http://www.springframework.org/schema/tx/spring-tx.xsd">  
  

    <context:property-placeholder location="classpath:config/db.properties" />  


	<context:component-scan base-package="com.dly.app" />

  	<bean id="myRealm" class="com.dly.app.shiro.realm.MyRealm"/>  

	<bean id="securityManager" class="org.apache.shiro.web.mgt.DefaultWebSecurityManager">  
  	  <property name="realm" ref="myRealm"/>  
	</bean> 

	<bean id="shiroFilter" class="org.apache.shiro.spring.web.ShiroFilterFactoryBean">  

	    <property name="securityManager" ref="securityManager"/>
 
	    <property name="loginUrl" value="/index.jsp"/>

	    <property name="unauthorizedUrl" value="/unauthor.jsp"/>  

	    <property name="filterChainDefinitions">  
	        <value>  
	             /ff=anon
				/personal=authc
				/student=roles[teacher]
				/teacher=perms["user:create"]
	        </value>  
	    </property>
	</bean>  
	

	<bean id="lifecycleBeanPostProcessor" class="org.apache.shiro.spring.LifecycleBeanPostProcessor"/>  
	

	<bean class="org.springframework.aop.framework.autoproxy.DefaultAdvisorAutoProxyCreator" depends-on="lifecycleBeanPostProcessor"/>  
  		<bean class="org.apache.shiro.spring.security.interceptor.AuthorizationAttributeSourceAdvisor">  
  	  <property name="securityManager" ref="securityManager"/>  
    </bean>  
 <!-- 配置事务通知属性 -->  
    <tx:advice id="txAdvice" transaction-manager="transactionManager">  
        <!-- 定义事务传播属性 -->  
        <tx:attributes>  
            <tx:method name="insert*" propagation="REQUIRED" />  
            <tx:method name="update*" propagation="REQUIRED" />  
            <tx:method name="edit*" propagation="REQUIRED" />  
            <tx:method name="save*" propagation="REQUIRED" />  
            <tx:method name="add*" propagation="REQUIRED" />  
            <tx:method name="new*" propagation="REQUIRED" />  
            <tx:method name="set*" propagation="REQUIRED" />  
            <tx:method name="remove*" propagation="REQUIRED" />  
            <tx:method name="delete*" propagation="REQUIRED" />  
            <tx:method name="change*" propagation="REQUIRED" />  
            <tx:method name="check*" propagation="REQUIRED" />  
            <tx:method name="get*" propagation="REQUIRED" read-only="true" />  
            <tx:method name="find*" propagation="REQUIRED" read-only="true" />  
            <tx:method name="load*" propagation="REQUIRED" read-only="true" />  
            <tx:method name="*" propagation="REQUIRED" read-only="true" />  
        </tx:attributes>  
    </tx:advice>  

    <aop:config>  
        <aop:pointcut id="serviceOperation"  
            expression="execution(* com.dly.app.service.*.*(..))" />  
        <aop:advisor advice-ref="txAdvice" pointcut-ref="serviceOperation" />  
    </aop:config>  
  

    <bean id="dataSource" class="org.apache.commons.dbcp2.BasicDataSource">  
        <property name="driverClassName" value="${jdbc.driverClassName}"/>  
        <property name="url" value="${jdbc.url}"/>  
        <property name="username" value="${jdbc.username}"/>  
        <property name="password" value="${jdbc.password}"/>  
        <property name="initialSize" value="${jdbc.initialSize}"></property>  
    
       
    </bean>  
          
    <!-- sqlSessionFactory -->  
    <bean id="sqlSessionFactory" class="org.mybatis.spring.SqlSessionFactoryBean">  

        <property name="dataSource" ref="dataSource" />  

              <property name="configLocation" value="classpath:mybatis/sqlMapConfig.xml" />  
                <property name="mapperLocations" value="classpath:mapper/*.xml"></property>    
       </bean>  

    <bean class="org.mybatis.spring.mapper.MapperScannerConfigurer">  

        <property name="basePackage" value="com.dly.app.dao"></property>  
        <property name="sqlSessionFactoryBeanName" value="sqlSessionFactory" />  
    </bean>  

    <bean id="transactionManager" 
    class="org.springframework.jdbc.datasource.DataSourceTransactionManager"
         p:dataSource-ref="dataSource"/>
         
    <bean id="jedisConfig" class="redis.clients.jedis.JedisPoolConfig">   
        <property name="maxActive" value="${redis_max_active}"></property>  
        <property name="maxIdle" value="${redis_max_idle}"></property>  
        <property name="maxWait" value="${redis_max_wait}"></property>  
        <property name="testOnBorrow" value="${redis_test_on_borrow}"></property>  
    </bean>  

    <bean id="connectionFactory" class="org.springframework.data.redis.connection.jedis.JedisConnectionFactory">  
        <property name="hostName" value="${redis_addr}"></property>  
        <property name="port" value="${redis_port}"></property>  
        <property name="password" value="${redis_auth}"></property>  
         <property name="database" value="${redis_database}"/>
        <property name="poolConfig" ref="jedisConfig"></property>  
    </bean>  

    <bean id="redisTemplate" class="org.springframework.data.redis.core.StringRedisTemplate">  
        <property name="connectionFactory" ref="connectionFactory" />  
    <!--     如果不配置Serializer，那么存储的时候只能使用String，如果用对象类型存储，那么会提示错误 can't cast to String！！！-->  
    </bean>      
    
    <!-- 启用支持annotation注解方式事务管理 -->
    <tx:annotation-driven transaction-manager="transactionManager"/>
</beans>  