<?xml version="1.0" encoding="UTF-8"?>  
<beans xmlns="http://www.springframework.org/schema/beans"  
       xmlns:context="http://www.springframework.org/schema/context"  
       xmlns:mvc="http://www.springframework.org/schema/mvc"         
    xmlns:xsi="http://www.w3.org/2001/XMLSchema-instance"  
    xsi:schemaLocation="http://www.springframework.org/schema/beans  
        http://www.springframework.org/schema/beans/spring-beans.xsd  
        http://www.springframework.org/schema/context  
        http://www.springframework.org/schema/context/spring-context.xsd  
        http://www.springframework.org/schema/mvc  
        http://www.springframework.org/schema/mvc/spring-mvc.xsd">  
  
    <!-- 可以扫描controller、service、...  -->  
    <context:component-scan base-package="com.dly.app"></context:component-scan>  
      
          
    <!--注解映射器 -->  
    <!-- <bean class="org.springframework.web.servlet.mvc.method.annotation.RequestMappingHandlerMapping"/> -->  
    <!--注解适配器 -->  
    <!-- <bean class="org.springframework.web.servlet.mvc.method.annotation.RequestMappingHandlerAdapter"/> -->  
      
    <!-- 使用 mvc:annotation-driven代替上边注解映射器和注解适配器配置  
    mvc:annotation-driven默认加载很多的参数绑定方法，  
    比如json转换解析器就默认加载了，如果使用mvc:annotation-driven不用配置上边的RequestMappingHandlerMapping和RequestMappingHandlerAdapter  
    实际开发时使用mvc:annotation-driven  
	     -->  
	<bean
			class="org.springframework.web.servlet.mvc.annotation.AnnotationMethodHandlerAdapter">
			<property name="messageConverters">
				<list>
					<ref bean="jsonHttpMessageConverter" />
				</list>
			</property>
		</bean>
	
		<bean id="jsonHttpMessageConverter"
			class="org.springframework.http.converter.json.MappingJackson2HttpMessageConverter">
			<property name="supportedMediaTypes">
				<list>
					<value>application/json;charset=UTF-8</value>
				</list>
			</property>
		</bean>
    <mvc:annotation-driven ></mvc:annotation-driven>  
    
    <!-- 静态资源 -->
    	<mvc:resources mapping="/html/**" location="/html/" />
  
    <!-- 视图解析器   
     -->  
    
    <bean id="viewResolver" class="org.springframework.web.servlet.view.InternalResourceViewResolver">
        <property name="prefix" value="/WEB-INF/pages/"></property>
        <property name="suffix" value=".jsp"></property>
    </bean>
      
   
</beans>  