﻿<?xml version="1.0" encoding="UTF-8"?>  
<beans xmlns="http://www.springframework.org/schema/beans"  
       xmlns:context="http://www.springframework.org/schema/context"  
       xmlns:mvc="http://www.springframework.org/schema/mvc"         
    xmlns:xsi="http://www.w3.org/2001/XMLSchema-instance"  
    xsi:schemaLocation="http://www.springframework.org/schema/beans  
        http://www.springframework.org/schema/beans/spring-beans.xsd  
        http://www.springframework.org/schema/context  
        http://www.springframework.org/schema/context/spring-context.xsd  
        http://www.springframework.org/schema/mvc  
        http://www.springframework.org/schema/mvc/spring-mvc.xsd">  
  
    <!-- 可以扫描controller、service、...  -->  
    <context:component-scan base-package="com.dly.app"></context:component-scan>  
      
          
      <!-- <bean class="org.springframework.web.servlet.mvc.method.annotation.RequestMappingHandlerMapping"/> -->  

    <!-- <bean class="org.springframework.web.servlet.mvc.method.annotation.RequestMappingHandlerAdapter"/> -->  
      
   	     <mvc:annotation-driven ></mvc:annotation-driven> 
	<bean
			class="org.springframework.web.servlet.mvc.annotation.AnnotationMethodHandlerAdapter">
			<property name="messageConverters">
				<list>
					<ref bean="jsonHttpMessageConverter" />
				</list>
			</property>
		</bean>
	
		<bean id="jsonHttpMessageConverter"
			class="org.springframework.http.converter.json.MappingJackson2HttpMessageConverter">
			<property name="supportedMediaTypes">
				<list>
					<value>application/json;charset=UTF-8</value>
				</list>
			</property>
		</bean> 
    

    <mvc:resources mapping="/html/**" location="/html/" />
  	<mvc:resources mapping="/js/**" location="/js/" />
 
    
    <bean id="viewResolver" class="org.springframework.web.servlet.view.InternalResourceViewResolver">
        <property name="prefix" value="/WEB-INF/pages/"></property>
        <property name="suffix" value=".jsp"></property>
    </bean>
      
   
</beans>  