<?xml version="1.0" encoding="UTF-8" ?>  
<!DOCTYPE mapper PUBLIC "-//mybatis.org//DTD Mapper 3.0//EN" "http://mybatis.org/dtd/mybatis-3-mapper.dtd" >  
<mapper namespace="com.dly.app.dao.UserDao" >  
  
 <select id="login" parameterType="com.dly.app.entity.User" resultType="com.dly.app.entity.User">
   select * from t_user where username=#{username}
 </select>
 <insert id="register" parameterType="com.dly.app.entity.User" >
 	INSERT INTO t_user (username,password,nickname,salt,token,phone,weixin,qq,struts,email)
VALUE (#{username},#{password},#{nickname},#{salt},#{token},#{phone},#{weixin},#{qq},#{struts},#{email})
 </insert>

<update id="upstruts" parameterType="String" >
		update t_user set struts='1' where username=#{username}
	</update>
	
	<select id="getPermissions" parameterType="String" resultType="String">
		select p.permissionName from t_user u,t_role r,t_permission p where u.roleId=r.id and p.roleId=r.id and u.userName=#{userName}
	</select>
</mapper>  